ann_id,ann_gene,ann_complex,ann_aa_coord,ann_wt_aa,ann_mut_aa,num_cDAR_species,indep_origins,num_align_species,ann_interface
m.3308T>C, MT-ND1,ND,1, M, T,2,1, 1063, mito_mito_interface
m.3310C>T, MT-ND1,ND,2, P, S,6,3, 1063, mito_mito_interface
m.3316G>A, MT-ND1,ND,4, A, T,41,15, 1063, mito_mito_interface
m.3335T>C, MT-ND1,ND,10, I, T,52,23, 1063, mito_mito_interface
m.3337G>A, MT-ND1,ND,11, V, M,37,6, 1063, mito_mito_interface
m.3340C>T, MT-ND1,ND,12, P, S,32,3, 1063, mito_nuc_interface
m.3394T>C, MT-ND1,ND,30, Y, H,14,6, 1063, mito_nuc_interface
m.3395A>G, MT-ND1,ND,30, Y, C,5,3, 1063, mito_nuc_interface
m.3398T>C, MT-ND1,ND,31, M, T,12,1, 1063, mito_nuc_interface
m.3421G>A, MT-ND1,ND,39, V, I,601,54, 1063, mito_nuc_interface
m.3472T>C, MT-ND1,ND,56, F, L,1,1, 1063, mito_mito_interface
m.3488T>C, MT-ND1,ND,61, L, P,1,1, 1063, mito_nuc_interface
m.3496G>T, MT-ND1,ND,64, A, S,138,21, 1063, mito_nuc_interface
m.3497C>T, MT-ND1,ND,64, A, V,2,2, 1063, mito_nuc_interface
m.3634A>G, MT-ND1,ND,110, S, G,34,1, 1063, mito_mito_interface
m.3635G>A, MT-ND1,ND,110, S, N,1,1, 1063, mito_mito_interface
m.3644T>C, MT-ND1,ND,113, V, A,4,3, 1063, mito_mito_interface
m.3700G>A, MT-ND1,ND,132, A, T,1,1, 1063, mito_mito_interface
m.3736G>A, MT-ND1,ND,144, V, I,23,5, 1063, mito_mito_interface
m.3745G>A, MT-ND1,ND,147, A, T,32,9, 1063, mito_mito_interface
m.3796A>G, MT-ND1,ND,164, T, A,42,21, 1063, mito_nuc_interface
m.3866T>C, MT-ND1,ND,187, I, T,89,15, 1063, mito_nuc_interface
m.3995A>G, MT-ND1,ND,230, N, S,1,1, 1063, mito_mito_interface
m.4081T>C, MT-ND1,ND,259, F, L,101,23, 1063, mito_mito_interface
m.4132G>A, MT-ND1,ND,276, A, T,68,6, 1063, mito_nuc_interface
m.4136A>G, MT-ND1,ND,277, Y, C,1,1, 1063, mito_nuc_interface
m.4216T>C, MT-ND1,ND,304, Y, H,759,12, 1063, mito_mito_interface
m.5911C>T, MT-CO1,COX,3, A, V,132,45, 1063, mito_mito_interface
m.5913G>A, MT-CO1,COX,4, D, N,901,3, 1063, mito_nuc_interface
m.5935A>G, MT-CO1,COX,11, N, S,1,1, 1063, mito_mito_interface
m.5973G>A, MT-CO1,COX,24, A, T,5,4, 1063, mito_nuc_interface
m.6081G>A, MT-CO1,COX,60, A, T,2,2, 1063, mito_mito_interface
m.6150G>A, MT-CO1,COX,83, V, I,94,29, 1063, mito_mito_interface
m.6253T>C, MT-CO1,COX,117, M, T,141,15, 1063, mito_nuc_interface
m.6261G>A, MT-CO1,COX,120, A, T,2,2, 1063, mito_nuc_interface
m.6267G>A, MT-CO1,COX,122, A, T,8,5, 1063, mito_mito_interface
m.6340C>T, MT-CO1,COX,146, T, I,4,2, 1063, mito_mito_interface
m.6480G>A, MT-CO1,COX,193, V, I,52,16, 1063, mito_mito_interface
m.6489C>A, MT-CO1,COX,196, L, I,1,1, 1063, mito_mito_interface
m.6663A>G, MT-CO1,COX,254, I, V,27,8, 1063, mito_mito_interface
m.7080T>C, MT-CO1,COX,393, F, L,10,4, 1063, mito_mito_interface
m.7083A>G, MT-CO1,COX,394, I, V,826,8, 1063, mito_mito_interface
m.7158A>G, MT-CO1,COX,419, I, V,970,4, 1063, mito_nuc_interface
m.7305A>C, MT-CO1,COX,468, M, L,3,3, 1063, mito_mito_interface
m.14325T>C, MT-ND6,ND,117, N, D,132,24, 1062, mito_mito_interface
m.14340C>T, MT-ND6,ND,112, V, M,63,27, 1062, mito_nuc_interface
m.14453G>A, MT-ND6,ND,74, A, V,1,1, 1062, mito_mito_interface
m.14502T>C, MT-ND6,ND,58, I, V,194,41, 1062, mito_mito_interface
m.14577T>C, MT-ND6,ND,33, I, V,159,32, 1062, mito_mito_interface
m.14582A>G, MT-ND6,ND,31, V, A,91,5, 1062, mito_mito_interface
m.14831G>A, MT-CYB,CIII,29, A, T,67,36, 1063, mito_mito_interface
m.14894T>C, MT-CYB,CIII,50, F, L,12,6, 1063, mito_nuc_interface
m.15077G>A, MT-CYB,CIII,111, E, K,55,11, 1063, mito_mito_interface
m.15237T>C, MT-CYB,CIII,164, I, T,2,2, 1063, mito_mito_interface
m.15257G>A, MT-CYB,CIII,171, D, N,3,2, 1063, mito_mito_interface
m.15287T>C, MT-CYB,CIII,181, F, L,135,21, 1063, mito_nuc_interface
m.15395A>G, MT-CYB,CIII,217, K, E,1,1, 1063, mito_nuc_interface
m.15497G>A, MT-CYB,CIII,251, G, S,33,8, 1063, mito_mito_interface
m.15620C>A, MT-CYB,CIII,292, L, I,16,13, 1063, mito_mito_interface
m.15662A>G, MT-CYB,CIII,306, I, V,14,12, 1063, mito_mito_interface
m.15693T>C, MT-CYB,CIII,316, M, T,154,52, 1063, mito_nuc_interface
m.15773G>A, MT-CYB,CIII,343, V, M,13,5, 1063, mito_mito_interface
m.15804T>C, MT-CYB,CIII,353, V, A,28,20, 1063, mito_mito_interface
m.15812G>A, MT-CYB,CIII,356, V, M,73,14, 1063, mito_mito_interface
m.8558C>T, MT-ATP6,ATP,11, A, V,40,15, 1063, mito_mito_interface
m.8668T>C, MT-ATP6,ATP,48, W, R,2,2, 1063, mito_nuc_interface
m.8794C>T, MT-ATP6,ATP,90, H, Y,127,27, 1063, mito_nuc_interface
m.8821T>G, MT-ATP6,ATP,99, S, A,1,1, 1063, mito_mito_interface
m.8890A>G, MT-ATP6,ATP,122, K, E,4,2, 1063, mito_mito_interface
m.8932C>T, MT-ATP6,ATP,136, P, S,92,7, 1063, mito_mito_interface
m.8950G>A, MT-ATP6,ATP,142, V, I,425,38, 1063, mito_mito_interface
m.9016A>G, MT-ATP6,ATP,164, I, V,2,2, 1063, mito_nuc_interface
m.9025G>A, MT-ATP6,ATP,167, G, S,2,2, 1063, mito_nuc_interface
m.9055G>A, MT-ATP6,ATP,177, A, T,90,17, 1063, mito_nuc_interface
m.9058A>G, MT-ATP6,ATP,178, T, A,95,26, 1063, mito_mito_interface
m.9071C>T, MT-ATP6,ATP,182, S, L,101,31, 1063, mito_mito_interface
m.9098T>C, MT-ATP6,ATP,191, I, T,29,12, 1063, mito_mito_interface
m.9101T>C, MT-ATP6,ATP,192, I, T,1009,2, 1063, mito_mito_interface
m.9139G>A, MT-ATP6,ATP,205, A, T,5,5, 1063, mito_nuc_interface
m.11084A>G, MT-ND4,ND,109, T, A,39,4, 1063, mito_mito_interface
m.11253T>C, MT-ND4,ND,165, I, T,108,36, 1063, mito_nuc_interface
m.11470A>C, MT-ND4,ND,237, K, N,2,2, 1063, mito_mito_interface
m.11696G>A, MT-ND4,ND,313, V, I,47,7, 1063, mito_mito_interface
m.11984T>C, MT-ND4,ND,409, Y, H,124,19, 1063, mito_nuc_interface
m.11994C>T, MT-ND4,ND,412, T, I,829,15, 1063, mito_mito_interface
m.12026A>G, MT-ND4,ND,423, I, V,43,25, 1063, mito_nuc_interface
m.12027T>C, MT-ND4,ND,423, I, T,133,21, 1063, mito_nuc_interface
m.12033A>G, MT-ND4,ND,425, N, S,78,39, 1063, mito_nuc_interface
m.12361A>G, MT-ND5,ND,9, T, A,17,4, 1063, mito_nuc_interface
m.12397A>G, MT-ND5,ND,21, T, A,127,31, 1063, mito_mito_interface
m.12622G>A, MT-ND5,ND,96, V, I,182,18, 1063, mito_mito_interface
m.12634A>G, MT-ND5,ND,100, I, V,1,1, 1063, mito_mito_interface
m.12811T>C, MT-ND5,ND,159, Y, H,203,61, 1063, mito_nuc_interface
m.13063G>A, MT-ND5,ND,243, V, I,1,1, 1063, mito_mito_interface
m.13135G>A, MT-ND5,ND,267, A, T,346,25, 1063, mito_mito_interface
m.13276A>G, MT-ND5,ND,314, M, V,20,8, 1063, mito_mito_interface
m.13528A>G, MT-ND5,ND,398, T, A,434,29, 1063, mito_mito_interface
m.13637A>G, MT-ND5,ND,434, Q, R,6,5, 1063, mito_nuc_interface
m.13708G>A, MT-ND5,ND,458, A, T,93,9, 1063, mito_nuc_interface
m.13831C>A, MT-ND5,ND,499, L, M,95,37, 1063, mito_mito_interface
m.13849A>C, MT-ND5,ND,505, N, H,2,1, 1063, mito_mito_interface
m.13967C>T, MT-ND5,ND,544, T, M,658,24, 1063, mito_mito_interface
m.14063T>C, MT-ND5,ND,576, I, T,320,40, 1063, mito_mito_interface
m.8393C>T, MT-ATP8,ATP,10, P, S,57,25, 1063, NA
m.8403T>C, MT-ATP8,ATP,13, I, T,4,3, 1063, NA
m.8411A>G, MT-ATP8,ATP,16, M, V,11,4, 1063, NA
m.8414C>T, MT-ATP8,ATP,17, L, F,222,16, 1063, NA
m.8481C>T, MT-ATP8,ATP,39, P, L,223,37, 1063, NA
m.8519G>A, MT-ATP8,ATP,52, E, K,22,11, 1063, NA
m.8558C>T, MT-ATP8,ATP,65, P, S,55,11, 1063, mito_mito_interface
m.4633C>G, MT-ND2,ND,55, A, G,3,1, 1063, mito_mito_interface
m.4640C>A, MT-ND2,ND,57, I, M,2,2, 1063, mito_mito_interface
m.4648T>C, MT-ND2,ND,60, F, S,1,1, 1063, mito_mito_interface
m.4659G>A, MT-ND2,ND,64, A, T,36,20, 1063, mito_mito_interface
m.4833A>G, MT-ND2,ND,122, T, A,2,2, 1063, mito_mito_interface
m.4917A>G, MT-ND2,ND,150, N, D,64,30, 1063, mito_mito_interface
m.5095T>C, MT-ND2,ND,209, I, T,5,5, 1063, mito_mito_interface
m.5178C>A, MT-ND2,ND,237, L, M,208,51, 1063, mito_nuc_interface
m.5452C>T, MT-ND2,ND,328, T, M,4,4, 1063, mito_nuc_interface
m.5460G>A, MT-ND2,ND,331, A, T,164,49, 1063, mito_nuc_interface
m.5460G>T, MT-ND2,ND,331, A, S,5,4, 1063, mito_nuc_interface
m.10086A>G, MT-ND3,ND,10, N, D,46,4, 1063, mito_mito_interface
m.10197G>A, MT-ND3,ND,47, A, T,13,1, 1063, mito_mito_interface
m.10237T>C, MT-ND3,ND,60, I, T,1,1, 1063, mito_mito_interface
m.10398A>G, MT-ND3,ND,114, T, A,115,38, 1063, mito_mito_interface
m.9438G>A, MT-CO3,COX,78, G, S,30,9, 1063, mito_mito_interface
m.9478T>C, MT-CO3,COX,91, V, A,10,9, 1063, mito_mito_interface
m.9490C>T, MT-CO3,COX,95, A, V,6,5, 1063, mito_mito_interface
m.9660A>C, MT-CO3,COX,152, M, L,4,3, 1063, mito_mito_interface
m.9804G>A, MT-CO3,COX,200, A, T,32,10, 1063, mito_mito_interface
m.9856T>C, MT-CO3,COX,217, I, T,77,14, 1063, mito_mito_interface
m.9861T>C, MT-CO3,COX,219, F, L,406,24, 1063, mito_mito_interface
m.9957T>C, MT-CO3,COX,251, F, L,35,6, 1063, mito_mito_interface
m.9966G>A, MT-CO3,COX,254, V, I,124,18, 1063, mito_mito_interface
m.10680G>A, MT-ND4L,ND,71, A, T,29,5, 1063, mito_mito_interface
m.7598G>A, MT-CO2,COX,5, A, T,15,8, 1063, mito_nuc_interface
m.7637G>A, MT-CO2,COX,18, E, K,1,1, 1063, mito_nuc_interface
m.7697G>A, MT-CO2,COX,38, V, I,16,9, 1063, mito_mito_interface
m.7706G>A, MT-CO2,COX,41, A, T,11,8, 1063, mito_mito_interface
m.7859G>A, MT-CO2,COX,92, D, N,842,4, 1063, mito_nuc_interface
m.7868C>T, MT-CO2,COX,95, L, F,87,1, 1063, mito_nuc_interface
m.8010T>C, MT-CO2,COX,142, V, A,33,5, 1063, mito_mito_interface
m.8021A>G, MT-CO2,COX,146, I, V,25,11, 1063, mito_nuc_interface
m.8078G>A, MT-CO2,COX,165, V, I,136,43, 1063, mito_mito_interface
m.8108A>G, MT-CO2,COX,175, I, V,78,18, 1063, mito_mito_interface
